taxon	sequenceID	name	genus	nearest_upstream_orf	nearest_downstream_orf
alignment/AL_TREE_Hepadnaviridae_EVE/member/ncbi-refseqs/AJ251934	AJ251934	STHBV	Avihepadnavirus	-	-
alignment/AL_TREE_Hepadnaviridae_EVE/member/ncbi-refseqs/AJ441111	AJ441111	CCHBV	Avihepadnavirus	-	-
alignment/AL_TREE_Hepadnaviridae_EVE/member/fasta-refseqs/AMDV	AMDV	AMDV	Metahepadnavirus	-	-
alignment/AL_TREE_Hepadnaviridae_EVE/member/fasta-refseqs-ehbv/ehbv-avi.1-neoaves-con	ehbv-avi.1-neoaves-con	ehbv-avi.1-neoaves-con	Avihepadnavirus	FRY (intronic)	FRY (intronic)
alignment/AL_TREE_Hepadnaviridae_EVE/member/fasta-refseqs-ehbv/ehbv-avi.10-melopsittacus	ehbv-avi.10-melopsittacus	ehbv-avi.10-melopsittacus	Avihepadnavirus	Get from paper	Get from paper
alignment/AL_TREE_Hepadnaviridae_EVE/member/fasta-refseqs-ehbv/ehbv-avi.11-tyto	ehbv-avi.11-tyto	ehbv-avi.11-tyto	Avihepadnavirus	NAV3	E2F7
alignment/AL_TREE_Hepadnaviridae_EVE/member/fasta-refseqs-ehbv/ehbv-avi.12-anatidae-con	ehbv-avi.12-anatidae-con	ehbv-avi.12-anatidae-con	Avihepadnavirus	ENSABRG00000002559	CCDC58
alignment/AL_TREE_Hepadnaviridae_EVE/member/fasta-refseqs-ehbv/ehbv-avi.14-gaviiformes	ehbv-avi.14-gaviiformes	ehbv-avi.14-gaviiformes	Avihepadnavirus	TAS1R3	DVL1
alignment/AL_TREE_Hepadnaviridae_EVE/member/fasta-refseqs-ehbv/ehbv-avi.15-gaviiformes	ehbv-avi.15-gaviiformes	ehbv-avi.15-gaviiformes	Avihepadnavirus	TMEM182 (intronic)	TMEM182 (intronic)
alignment/AL_TREE_Hepadnaviridae_EVE/member/fasta-refseqs-ehbv/ehbv-avi.17-passeriformes-con	ehbv-avi.17-passeriformes-con	ehbv-avi.17-passeriformes-con	Avihepadnavirus	TIMM21/FBXO15	NETO1/CBLN2/lncRNA
alignment/AL_TREE_Hepadnaviridae_EVE/member/fasta-refseqs-ehbv/ehbv-avi.18-calypte	ehbv-avi.18-calypte	ehbv-avi.18-calypte	Avihepadnavirus	ENSSCUG00000017518 (intronic)/TSKU	ENSSCUG00000017518 (intronic)/EMSY
alignment/AL_TREE_Hepadnaviridae_EVE/member/fasta-refseqs-ehbv/ehbv-avi.19-buceros	ehbv-avi.19-buceros	ehbv-avi.19-buceros	Avihepadnavirus	PCDH18	PCDH10
alignment/AL_TREE_Hepadnaviridae_EVE/member/fasta-refseqs-ehbv/ehbv-avi.20-cariama	ehbv-avi.20-cariama	ehbv-avi.20-cariama	Avihepadnavirus	THBS1	KATNBL1
alignment/AL_TREE_Hepadnaviridae_EVE/member/fasta-refseqs-ehbv/ehbv-avi.25-chaetura	ehbv-avi.25-chaetura	ehbv-avi.25-chaetura	Avihepadnavirus	ARMC1	CYP7B1
alignment/AL_TREE_Hepadnaviridae_EVE/member/fasta-refseqs-ehbv/ehbv-avi.26-psittaciformes	ehbv-avi.26-psittaciformes	ehbv-avi.26-psittaciformes	Avihepadnavirus	ENSACOG00000002175	ENSACOG00000002296
alignment/AL_TREE_Hepadnaviridae_EVE/member/fasta-refseqs-ehbv/ehbv-avi.29-psittacula	ehbv-avi.29-psittacula	ehbv-avi.29-psittacula	Avihepadnavirus	ENSMUNG00000011927/CHSY3	ENSMUNG00000011929/HINT1
alignment/AL_TREE_Hepadnaviridae_EVE/member/fasta-refseqs-ehbv/ehbv-avi.31-passeriformes-con	ehbv-avi.31-passeriformes-con	ehbv-avi.31-passeriformes-con	Avihepadnavirus	ENSTGUG00000000478	LRRC2
alignment/AL_TREE_Hepadnaviridae_EVE/member/fasta-refseqs-ehbv/ehbv-avi.32-tinamiformes-con	ehbv-avi.32-tinamiformes-con	ehbv-avi.32-tinamiformes-con	Avihepadnavirus	OLFM4	nk
alignment/AL_TREE_Hepadnaviridae_EVE/member/fasta-refseqs-ehbv/ehbv-avi.34-leptosomus	ehbv-avi.34-leptosomus	ehbv-avi.34-leptosomus	Avihepadnavirus	TIMM21/FBXO15	CYB5A
alignment/AL_TREE_Hepadnaviridae_EVE/member/fasta-refseqs-ehbv/ehbv-avi.36-callipepla	ehbv-avi.36-callipepla	ehbv-avi.36-callipepla	Avihepadnavirus	NF	NF
alignment/AL_TREE_Hepadnaviridae_EVE/member/fasta-refseqs-ehbv/ehbv-avi.9-melopsittacus	ehbv-avi.9-melopsittacus	ehbv-avi.9-melopsittacus	Avihepadnavirus	Get from paper	Get from paper
alignment/AL_TREE_Hepadnaviridae_EVE/member/fasta-refseqs-ehbv/ehbv-herpeto.1-serpentes-con	ehbv-herpeto.1-serpentes-con	ehbv-herpeto.1-serpentes-con	Herpetohepadnavirus	TSHZ1	ZNF516
alignment/AL_TREE_Hepadnaviridae_EVE/member/fasta-refseqs-ehbv/ehbv-herpeto.3-crocodilia	ehbv-herpeto.3-crocodilia	ehbv-herpeto.3-crocodilia	Herpetohepadnavirus	NK	NK
alignment/AL_TREE_Hepadnaviridae_EVE/member/fasta-refseqs-ehbv/ehbv-herpeto.4-crocodilia	ehbv-herpeto.4-crocodilia	ehbv-herpeto.4-crocodilia	Herpetohepadnavirus	NK	NK
alignment/AL_TREE_Hepadnaviridae_EVE/member/fasta-refseqs-ehbv/ehbv-herpeto.5-testudines-con	ehbv-herpeto.5-testudines-con	ehbv-herpeto.5-testudines-con	Herpetohepadnavirus	NK	NK
alignment/AL_TREE_Hepadnaviridae_EVE/member/fasta-refseqs-ehbv/ehbv-herpeto.9-serpentes-con	ehbv-herpeto.9-serpentes-con	ehbv-herpeto.9-serpentes-con	Herpetohepadnavirus	NK	NK
alignment/AL_TREE_Hepadnaviridae_EVE/member/fasta-refseqs-ehbv/ehbv-meta.1-sauria-con	ehbv-meta.1-sauria-con	ehbv-meta.1-sauria-con	Metahepadnavirus	KLF8	ENSACUG00000005807
alignment/AL_TREE_Hepadnaviridae_EVE/member/fasta-refseqs-ehbv/ehbv-meta.3-paroedura	ehbv-meta.3-paroedura	ehbv-meta.3-paroedura	Metahepadnavirus	NK	NK
alignment/AL_TREE_Hepadnaviridae_EVE/member/fasta-refseqs/IMDV	IMDV	IMDV	Metahepadnavirus	-	-
alignment/AL_TREE_Hepadnaviridae_EVE/member/ncbi-refseqs/MH307930	MH307930	DCHBV	Orthohepadnavirus	-	-
alignment/AL_TREE_Hepadnaviridae_EVE/member/ncbi-refseqs/NC_001344	NC_001344	DHBV	Avihepadnavirus	-	-
alignment/AL_TREE_Hepadnaviridae_EVE/member/ncbi-refseqs/NC_001484	NC_001484	GSHV	Orthohepadnavirus	-	-
alignment/AL_TREE_Hepadnaviridae_EVE/member/ncbi-refseqs/NC_001486	NC_001486	HHBV	Avihepadnavirus	-	-
alignment/AL_TREE_Hepadnaviridae_EVE/member/ncbi-refseqs/NC_003977	NC_003977	HBV	Orthohepadnavirus	-	-
alignment/AL_TREE_Hepadnaviridae_EVE/member/ncbi-refseqs/NC_004107	NC_004107	WhBv	Orthohepadnavirus	-	-
alignment/AL_TREE_Hepadnaviridae_EVE/member/ncbi-refseqs/NC_005888	NC_005888	RGHBV	Avihepadnavirus	-	-
alignment/AL_TREE_Hepadnaviridae_EVE/member/ncbi-refseqs/NC_005890	NC_005890	SHBV	Avihepadnavirus	-	-
alignment/AL_TREE_Hepadnaviridae_EVE/member/ncbi-refseqs/NC_005950	NC_005950	SGHBV	Avihepadnavirus	-	-
alignment/AL_TREE_Hepadnaviridae_EVE/member/ncbi-refseqs/NC_016561	NC_016561	PaHBV	Avihepadnavirus	-	-
alignment/AL_TREE_Hepadnaviridae_EVE/member/ncbi-refseqs/NC_020881	NC_020881	LfbHBV	Orthohepadnavirus	-	-
alignment/AL_TREE_Hepadnaviridae_EVE/member/ncbi-refseqs/NC_024443	NC_024443	RlbHBV	Orthohepadnavirus	-	-
alignment/AL_TREE_Hepadnaviridae_EVE/member/ncbi-refseqs/NC_024444	NC_024444	HsbHBV	Orthohepadnavirus	-	-
alignment/AL_TREE_Hepadnaviridae_EVE/member/ncbi-refseqs/NC_024445	NC_024445	TBHBV	Orthohepadnavirus	-	-
alignment/AL_TREE_Hepadnaviridae_EVE/member/ncbi-refseqs/NC_027922	NC_027922	wsHBV	Parahepadnavirus	-	-
alignment/AL_TREE_Hepadnaviridae_EVE/member/ncbi-refseqs/NC_028129	NC_028129	WMHBV	Orthohepadnavirus	-	-
alignment/AL_TREE_Hepadnaviridae_EVE/member/ncbi-refseqs/NC_030445	NC_030445	bgHBV	Metahepadnavirus	-	-
alignment/AL_TREE_Hepadnaviridae_EVE/member/ncbi-refseqs/NC_030446	NC_030446	tfHBV	Herpetohepadnavirus	-	-
alignment/AL_TREE_Hepadnaviridae_EVE/member/ncbi-refseqs/NC_035210	NC_035210	THBV	Avihepadnavirus	-	-
alignment/AL_TREE_Hepadnaviridae_EVE/member/fasta-refseqs/SkHBV	SkHBV	SkHBV	Herpetohepadnavirus	-	-
alignment/AL_TREE_Hepadnaviridae_EVE/member/fasta-refseqs/SLHBV-1	SLHBV-1	SLHBV-1	Herpetohepadnavirus	-	-
alignment/AL_TREE_Hepadnaviridae_EVE/member/fasta-refseqs/TMDV	TMDV	TMDV	Metahepadnavirus	-	-
alignment/AL_TREE_Hepadnaviridae_EVE/member/ncbi-refseqs/U29144	U29144	ASHV	Orthohepadnavirus	-	-
